﻿<?xml version="1.0" encoding="utf-8"?>
<!--DO NOT EDIT. This document is generated by PSoC Creator design builds.-->
<PSoCCreatorIdeExport Version="1">
  <Device Part="CY8C5888LTI-LP097" Processor="CortexM3" DeviceID="2E161069" />
  <Toolchains>
    <Toolchain Name="ARM GCC Generic" Selected="True">
      <Tool Name="prebuild" Command="" Options="" />
      <Tool Name="assembler" Command="arm-none-eabi-as.exe" Options="-mcpu=cortex-m3 -mthumb -I. -IGenerated_Source\PSoC5 -alh=${OutputDir}/${CompileFile}.lst -g" />
      <Tool Name="compiler" Command="arm-none-eabi-gcc.exe" Options="-mcpu=cortex-m3 -mthumb -I.\core -I.\Libraries\SPI -I.\Libraries\Wire -I.\Libraries\Servo -I. -IGenerated_Source\PSoC5 -Wa,-alh=${OutputDir}/${CompileFile}.lst -g -D NDEBUG -Wall -ffunction-sections -ffat-lto-objects -finline-functions -flto -Os" />
      <Tool Name="linker" Command="arm-none-eabi-gcc.exe" Options="-mcpu=cortex-m3 -mthumb -l m -L Generated_Source\PSoC5 -Wl,-Map,${OutputDir}/${ProjectShortName}.map -T Generated_Source\PSoC5\cm3gcc.ld -Wl,--gc-sections -lstdc++ -g -ffunction-sections -finline-functions -Os -flto -ffat-lto-objects" />
      <Tool Name="postbuild" Command="" Options="" />
    </Toolchain>
    <Toolchain Name="ARM MDK Generic" Selected="False">
      <Tool Name="prebuild" Command="" Options="" />
      <Tool Name="assembler" Command="armasm.exe" Options="--cpu=Cortex-M3 --diag_style=gnu --thumb -i. -iGenerated_Source\PSoC5 -g --list=${OutputDir}/${CompileFile}.lst &quot;--predefine=__MICROLIB SETA 1&quot;" />
      <Tool Name="compiler" Command="armcc.exe" Options="--cpu=Cortex-M3 --C99 --diag_style=gnu -I. -IGenerated_Source\PSoC5 --list --signed_chars -g -Ospace --split_sections -D__MICROLIB" />
      <Tool Name="linker" Command="armlink.exe" Options="--cpu=Cortex-M3 --diag_style=gnu --no_startup --library_type=microlib --map --list ${OutputDir}/${ProjectShortName}.map --scatter Generated_Source\PSoC5\Cm3RealView.scat" />
      <Tool Name="postbuild" Command="" Options="" />
    </Toolchain>
    <Toolchain Name="ARM IAR Generic" Selected="False">
      <Tool Name="prebuild" Command="" Options="" />
      <Tool Name="assembler" Command="iasmarm.exe" Options="--cpu Cortex-M3 -I. -IGenerated_Source\PSoC5 -s+ -M&lt;&gt; -w+ -r -DNDEBUG --fpu None" />
      <Tool Name="compiler" Command="iccarm.exe" Options="--cpu Cortex-M3 -I. -IGenerated_Source\PSoC5 -D NDEBUG -D CY_CORE_ID=0 -I. -IGenerated_Source\PSoC5 -D NDEBUG --debug --endian=little -e --fpu=None --no_wrap_diagnostics" />
      <Tool Name="linker" Command="ilinkarm.exe" Options="--semihosting --entry __iar_program_start --vfe --config Generated_Source\PSoC5\Cm3Iar.icf" />
      <Tool Name="postbuild" Command="" Options="" />
    </Toolchain>
  </Toolchains>
  <Project Name="CY8CKIT59_Ardudino-Speeduino" Path="C:\Users\Bruger\Desktop\CODE\PSOC5\CY8CKIT-59-Arduino\CY8CKIT59_Ardudino-Speeduino.cydsn" Version="5.60" Type="Bootloadable">
    <CMSIS_SVD_File>CY8CKIT59_Ardudino-Speeduino.svd</CMSIS_SVD_File>
    <Datasheet />
    <LinkerFiles>
      <LinkerFile Toolchain="ARM GCC Generic">.\Generated_Source\PSoC5\cm3gcc.ld</LinkerFile>
      <LinkerFile Toolchain="ARM MDK Generic">.\Generated_Source\PSoC5\Cm3RealView.scat</LinkerFile>
      <LinkerFile Toolchain="ARM IAR Generic">.\Generated_Source\PSoC5\Cm3Iar.icf</LinkerFile>
    </LinkerFiles>
    <Folders>
      <Folder BuildType="STRICT" Path="C:\Users\Bruger\Desktop\CODE\PSOC5\CY8CKIT-59-Arduino\CY8CKIT59_Ardudino-Speeduino.cydsn\Generated_Source\PSoC5">
        <Files Root="C:\Users\Bruger\Desktop\CODE\PSOC5\CY8CKIT-59-Arduino\CY8CKIT59_Ardudino-Speeduino.cydsn">
          <File BuildType="BUILD" Toolchain="">Generated_Source\PSoC5\cyfitter_cfg.h</File>
          <File BuildType="BUILD" Toolchain="">Generated_Source\PSoC5\cyfitter_cfg.c</File>
          <File BuildType="BUILD" Toolchain="">Generated_Source\PSoC5\cybootloader.icf</File>
          <File BuildType="BUILD" Toolchain="">Generated_Source\PSoC5\cybootloader.c</File>
          <File BuildType="BUILD" Toolchain="">Generated_Source\PSoC5\cymetadata.c</File>
          <File BuildType="BUILD" Toolchain="">Generated_Source\PSoC5\cydevice.h</File>
          <File BuildType="BUILD" Toolchain="">Generated_Source\PSoC5\cydevicegnu.inc</File>
          <File BuildType="BUILD" Toolchain="">Generated_Source\PSoC5\cydevicerv.inc</File>
          <File BuildType="BUILD" Toolchain="">Generated_Source\PSoC5\cydeviceiar.inc</File>
          <File BuildType="BUILD" Toolchain="">Generated_Source\PSoC5\cydevice_trm.h</File>
          <File BuildType="BUILD" Toolchain="">Generated_Source\PSoC5\cydevicegnu_trm.inc</File>
          <File BuildType="BUILD" Toolchain="">Generated_Source\PSoC5\cydevicerv_trm.inc</File>
          <File BuildType="BUILD" Toolchain="">Generated_Source\PSoC5\cydeviceiar_trm.inc</File>
          <File BuildType="BUILD" Toolchain="">Generated_Source\PSoC5\cyfittergnu.inc</File>
          <File BuildType="BUILD" Toolchain="">Generated_Source\PSoC5\cyfitterrv.inc</File>
          <File BuildType="BUILD" Toolchain="">Generated_Source\PSoC5\cyfitteriar.inc</File>
          <File BuildType="BUILD" Toolchain="">Generated_Source\PSoC5\cyfitter.h</File>
          <File BuildType="BUILD" Toolchain="">Generated_Source\PSoC5\cydisabledsheets.h</File>
          <File BuildType="BUILD" Toolchain="">Generated_Source\PSoC5\ADC.c</File>
          <File BuildType="BUILD" Toolchain="">Generated_Source\PSoC5\ADC.h</File>
          <File BuildType="BUILD" Toolchain="">Generated_Source\PSoC5\ADC_INT.c</File>
          <File BuildType="BUILD" Toolchain="">Generated_Source\PSoC5\ADC_PM.c</File>
          <File BuildType="BUILD" Toolchain="">Generated_Source\PSoC5\ADC_Mux.c</File>
          <File BuildType="BUILD" Toolchain="">Generated_Source\PSoC5\ADC_Mux.h</File>
          <File BuildType="BUILD" Toolchain="">Generated_Source\PSoC5\I2C.c</File>
          <File BuildType="BUILD" Toolchain="">Generated_Source\PSoC5\I2C.h</File>
          <File BuildType="BUILD" Toolchain="">Generated_Source\PSoC5\I2C_BOOT.c</File>
          <File BuildType="BUILD" Toolchain="">Generated_Source\PSoC5\I2C_INT.c</File>
          <File BuildType="BUILD" Toolchain="">Generated_Source\PSoC5\I2C_PM.c</File>
          <File BuildType="BUILD" Toolchain="">Generated_Source\PSoC5\I2C_SLAVE.c</File>
          <File BuildType="BUILD" Toolchain="">Generated_Source\PSoC5\I2C_MASTER.c</File>
          <File BuildType="BUILD" Toolchain="">Generated_Source\PSoC5\I2C_PVT.h</File>
          <File BuildType="BUILD" Toolchain="">Generated_Source\PSoC5\DB_aliases.h</File>
          <File BuildType="BUILD" Toolchain="">Generated_Source\PSoC5\D10_Ctrl.h</File>
          <File BuildType="BUILD" Toolchain="">Generated_Source\PSoC5\D10_Ctrl.c</File>
          <File BuildType="BUILD" Toolchain="">Generated_Source\PSoC5\D10_Ctrl_PM.c</File>
          <File BuildType="BUILD" Toolchain="">Generated_Source\PSoC5\D11_Ctrl.h</File>
          <File BuildType="BUILD" Toolchain="">Generated_Source\PSoC5\D11_Ctrl.c</File>
          <File BuildType="BUILD" Toolchain="">Generated_Source\PSoC5\D11_Ctrl_PM.c</File>
          <File BuildType="BUILD" Toolchain="">Generated_Source\PSoC5\SPIM.c</File>
          <File BuildType="BUILD" Toolchain="">Generated_Source\PSoC5\SPIM.h</File>
          <File BuildType="BUILD" Toolchain="">Generated_Source\PSoC5\SPIM_PM.c</File>
          <File BuildType="BUILD" Toolchain="">Generated_Source\PSoC5\SPIM_INT.c</File>
          <File BuildType="BUILD" Toolchain="">Generated_Source\PSoC5\SPIM_PVT.h</File>
          <File BuildType="BUILD" Toolchain="">Generated_Source\PSoC5\Micros_Counter.c</File>
          <File BuildType="BUILD" Toolchain="">Generated_Source\PSoC5\Micros_Counter.h</File>
          <File BuildType="BUILD" Toolchain="">Generated_Source\PSoC5\Micros_Counter_PM.c</File>
          <File BuildType="BUILD" Toolchain="">Generated_Source\PSoC5\Millis_Counter.c</File>
          <File BuildType="BUILD" Toolchain="">Generated_Source\PSoC5\Millis_Counter.h</File>
          <File BuildType="BUILD" Toolchain="">Generated_Source\PSoC5\Millis_Counter_PM.c</File>
          <File BuildType="BUILD" Toolchain="">Generated_Source\PSoC5\Clock_3.c</File>
          <File BuildType="BUILD" Toolchain="">Generated_Source\PSoC5\Clock_3.h</File>
          <File BuildType="BUILD" Toolchain="">Generated_Source\PSoC5\I2C_Enable.h</File>
          <File BuildType="BUILD" Toolchain="">Generated_Source\PSoC5\I2C_Enable.c</File>
          <File BuildType="BUILD" Toolchain="">Generated_Source\PSoC5\I2C_Enable_PM.c</File>
          <File BuildType="BUILD" Toolchain="">Generated_Source\PSoC5\USBUART.c</File>
          <File BuildType="BUILD" Toolchain="">Generated_Source\PSoC5\USBUART.h</File>
          <File BuildType="BUILD" Toolchain="">Generated_Source\PSoC5\USBUART_audio.c</File>
          <File BuildType="BUILD" Toolchain="">Generated_Source\PSoC5\USBUART_audio.h</File>
          <File BuildType="BUILD" Toolchain="">Generated_Source\PSoC5\USBUART_boot.c</File>
          <File BuildType="BUILD" Toolchain="">Generated_Source\PSoC5\USBUART_cdc.c</File>
          <File BuildType="BUILD" Toolchain="">Generated_Source\PSoC5\USBUART_cdc.h</File>
          <File BuildType="BUILD" Toolchain="">Generated_Source\PSoC5\USBUART_cls.c</File>
          <File BuildType="BUILD" Toolchain="">Generated_Source\PSoC5\USBUART_descr.c</File>
          <File BuildType="BUILD" Toolchain="">Generated_Source\PSoC5\USBUART_drv.c</File>
          <File BuildType="BUILD" Toolchain="">Generated_Source\PSoC5\USBUART_episr.c</File>
          <File BuildType="BUILD" Toolchain="">Generated_Source\PSoC5\USBUART_hid.c</File>
          <File BuildType="BUILD" Toolchain="">Generated_Source\PSoC5\USBUART_hid.h</File>
          <File BuildType="BUILD" Toolchain="">Generated_Source\PSoC5\USBUART_pm.c</File>
          <File BuildType="BUILD" Toolchain="">Generated_Source\PSoC5\USBUART_std.c</File>
          <File BuildType="BUILD" Toolchain="">Generated_Source\PSoC5\USBUART_vnd.c</File>
          <File BuildType="BUILD" Toolchain="">Generated_Source\PSoC5\USBUART_midi.c</File>
          <File BuildType="BUILD" Toolchain="">Generated_Source\PSoC5\USBUART_midi.h</File>
          <File BuildType="BUILD" Toolchain="">Generated_Source\PSoC5\USBUART_pvt.h</File>
          <File BuildType="BUILD" Toolchain="">Generated_Source\PSoC5\USBUART_cydmac.h</File>
          <File BuildType="BUILD" Toolchain="">Generated_Source\PSoC5\USBUART_msc.c</File>
          <File BuildType="BUILD" Toolchain="">Generated_Source\PSoC5\USBUART_msc.h</File>
          <File BuildType="BUILD" Toolchain="">Generated_Source\PSoC5\UART.c</File>
          <File BuildType="BUILD" Toolchain="">Generated_Source\PSoC5\UART.h</File>
          <File BuildType="BUILD" Toolchain="">Generated_Source\PSoC5\UART_PM.c</File>
          <File BuildType="BUILD" Toolchain="">Generated_Source\PSoC5\UART_INT.c</File>
          <File BuildType="BUILD" Toolchain="">Generated_Source\PSoC5\UART_BOOT.c</File>
          <File BuildType="BUILD" Toolchain="">Generated_Source\PSoC5\UART_Clock.c</File>
          <File BuildType="BUILD" Toolchain="">Generated_Source\PSoC5\UART_Clock.h</File>
          <File BuildType="BUILD" Toolchain="">Generated_Source\PSoC5\HW_INT.c</File>
          <File BuildType="BUILD" Toolchain="">Generated_Source\PSoC5\HW_INT.h</File>
          <File BuildType="BUILD" Toolchain="">Generated_Source\PSoC5\SPI_Clock_In.c</File>
          <File BuildType="BUILD" Toolchain="">Generated_Source\PSoC5\SPI_Clock_In.h</File>
          <File BuildType="BUILD" Toolchain="">Generated_Source\PSoC5\SPI_MODE_REG.h</File>
          <File BuildType="BUILD" Toolchain="">Generated_Source\PSoC5\SPI_MODE_REG.c</File>
          <File BuildType="BUILD" Toolchain="">Generated_Source\PSoC5\SPI_MODE_REG_PM.c</File>
          <File BuildType="BUILD" Toolchain="">Generated_Source\PSoC5\SPI_SS_Stretch.h</File>
          <File BuildType="BUILD" Toolchain="">Generated_Source\PSoC5\SPI_SS_Stretch.c</File>
          <File BuildType="BUILD" Toolchain="">Generated_Source\PSoC5\SPI_SS_Stretch_PM.c</File>
          <File BuildType="BUILD" Toolchain="">Generated_Source\PSoC5\P0_aliases.h</File>
          <File BuildType="BUILD" Toolchain="">Generated_Source\PSoC5\P3_aliases.h</File>
          <File BuildType="BUILD" Toolchain="">Generated_Source\PSoC5\P3.c</File>
          <File BuildType="BUILD" Toolchain="">Generated_Source\PSoC5\P3.h</File>
          <File BuildType="BUILD" Toolchain="">Generated_Source\PSoC5\P12_aliases.h</File>
          <File BuildType="BUILD" Toolchain="">Generated_Source\PSoC5\P12.c</File>
          <File BuildType="BUILD" Toolchain="">Generated_Source\PSoC5\P12.h</File>
          <File BuildType="BUILD" Toolchain="">Generated_Source\PSoC5\ServoInterrupt.c</File>
          <File BuildType="BUILD" Toolchain="">Generated_Source\PSoC5\ServoInterrupt.h</File>
          <File BuildType="BUILD" Toolchain="">Generated_Source\PSoC5\Clock_12.c</File>
          <File BuildType="BUILD" Toolchain="">Generated_Source\PSoC5\Clock_12.h</File>
          <File BuildType="BUILD" Toolchain="">Generated_Source\PSoC5\ServoCounter.c</File>
          <File BuildType="BUILD" Toolchain="">Generated_Source\PSoC5\ServoCounter.h</File>
          <File BuildType="BUILD" Toolchain="">Generated_Source\PSoC5\ServoCounter_PM.c</File>
          <File BuildType="BUILD" Toolchain="">Generated_Source\PSoC5\BootloaderResetTimer.c</File>
          <File BuildType="BUILD" Toolchain="">Generated_Source\PSoC5\BootloaderResetTimer.h</File>
          <File BuildType="BUILD" Toolchain="">Generated_Source\PSoC5\BootloaderResetTimer_PM.c</File>
          <File BuildType="BUILD" Toolchain="">Generated_Source\PSoC5\BootloaderResetInterrupt.c</File>
          <File BuildType="BUILD" Toolchain="">Generated_Source\PSoC5\BootloaderResetInterrupt.h</File>
          <File BuildType="BUILD" Toolchain="">Generated_Source\PSoC5\Clock_2.c</File>
          <File BuildType="BUILD" Toolchain="">Generated_Source\PSoC5\Clock_2.h</File>
          <File BuildType="BUILD" Toolchain="">Generated_Source\PSoC5\PWM_Reg_3.h</File>
          <File BuildType="BUILD" Toolchain="">Generated_Source\PSoC5\PWM_Reg_3.c</File>
          <File BuildType="BUILD" Toolchain="">Generated_Source\PSoC5\PWM_Reg_3_PM.c</File>
          <File BuildType="BUILD" Toolchain="">Generated_Source\PSoC5\PWM_Reg_5.h</File>
          <File BuildType="BUILD" Toolchain="">Generated_Source\PSoC5\PWM_Reg_5.c</File>
          <File BuildType="BUILD" Toolchain="">Generated_Source\PSoC5\PWM_Reg_5_PM.c</File>
          <File BuildType="BUILD" Toolchain="">Generated_Source\PSoC5\PWM_Reg_6.h</File>
          <File BuildType="BUILD" Toolchain="">Generated_Source\PSoC5\PWM_Reg_6.c</File>
          <File BuildType="BUILD" Toolchain="">Generated_Source\PSoC5\PWM_Reg_6_PM.c</File>
          <File BuildType="BUILD" Toolchain="">Generated_Source\PSoC5\Clock_5.c</File>
          <File BuildType="BUILD" Toolchain="">Generated_Source\PSoC5\Clock_5.h</File>
          <File BuildType="BUILD" Toolchain="">Generated_Source\PSoC5\Bootloadable.c</File>
          <File BuildType="BUILD" Toolchain="">Generated_Source\PSoC5\Bootloadable.h</File>
          <File BuildType="BUILD" Toolchain="">Generated_Source\PSoC5\ADC_IRQ.c</File>
          <File BuildType="BUILD" Toolchain="">Generated_Source\PSoC5\ADC_IRQ.h</File>
          <File BuildType="BUILD" Toolchain="">Generated_Source\PSoC5\ADC_theACLK.c</File>
          <File BuildType="BUILD" Toolchain="">Generated_Source\PSoC5\ADC_theACLK.h</File>
          <File BuildType="BUILD" Toolchain="">Generated_Source\PSoC5\USBUART_Dm_aliases.h</File>
          <File BuildType="BUILD" Toolchain="">Generated_Source\PSoC5\USBUART_Dm.c</File>
          <File BuildType="BUILD" Toolchain="">Generated_Source\PSoC5\USBUART_Dm.h</File>
          <File BuildType="BUILD" Toolchain="">Generated_Source\PSoC5\USBUART_Dp_aliases.h</File>
          <File BuildType="BUILD" Toolchain="">Generated_Source\PSoC5\USBUART_Dp.c</File>
          <File BuildType="BUILD" Toolchain="">Generated_Source\PSoC5\USBUART_Dp.h</File>
          <File BuildType="BUILD" Toolchain="">Generated_Source\PSoC5\cycodeshareimport.ld</File>
          <File BuildType="BUILD" Toolchain="">Generated_Source\PSoC5\cycodeshareexport.ld</File>
          <File BuildType="BUILD" Toolchain="">Generated_Source\PSoC5\cycodeshareimport.scat</File>
          <File BuildType="BUILD" Toolchain="ARM GCC Generic">Generated_Source\PSoC5\cm3gcc.ld</File>
          <File BuildType="BUILD" Toolchain="ARM MDK Generic">Generated_Source\PSoC5\Cm3RealView.scat</File>
          <File BuildType="BUILD" Toolchain="">Generated_Source\PSoC5\Cm3Start.c</File>
          <File BuildType="BUILD" Toolchain="">Generated_Source\PSoC5\core_cm3_psoc5.h</File>
          <File BuildType="BUILD" Toolchain="">Generated_Source\PSoC5\core_cm3.h</File>
          <File BuildType="BUILD" Toolchain="ARM GCC Generic">Generated_Source\PSoC5\CyBootAsmGnu.s</File>
          <File BuildType="BUILD" Toolchain="ARM MDK Generic">Generated_Source\PSoC5\CyBootAsmRv.s</File>
          <File BuildType="BUILD" Toolchain="">Generated_Source\PSoC5\CyDmac.c</File>
          <File BuildType="BUILD" Toolchain="">Generated_Source\PSoC5\CyDmac.h</File>
          <File BuildType="BUILD" Toolchain="">Generated_Source\PSoC5\CyFlash.c</File>
          <File BuildType="BUILD" Toolchain="">Generated_Source\PSoC5\CyFlash.h</File>
          <File BuildType="BUILD" Toolchain="">Generated_Source\PSoC5\CyLib.c</File>
          <File BuildType="BUILD" Toolchain="">Generated_Source\PSoC5\CyLib.h</File>
          <File BuildType="BUILD" Toolchain="">Generated_Source\PSoC5\cypins.h</File>
          <File BuildType="BUILD" Toolchain="">Generated_Source\PSoC5\cyPm.c</File>
          <File BuildType="BUILD" Toolchain="">Generated_Source\PSoC5\cyPm.h</File>
          <File BuildType="BUILD" Toolchain="">Generated_Source\PSoC5\CySpc.c</File>
          <File BuildType="BUILD" Toolchain="">Generated_Source\PSoC5\CySpc.h</File>
          <File BuildType="BUILD" Toolchain="">Generated_Source\PSoC5\cytypes.h</File>
          <File BuildType="BUILD" Toolchain="">Generated_Source\PSoC5\cyutils.c</File>
          <File BuildType="BUILD" Toolchain="">Generated_Source\PSoC5\core_cmFunc.h</File>
          <File BuildType="BUILD" Toolchain="">Generated_Source\PSoC5\core_cmInstr.h</File>
          <File BuildType="BUILD" Toolchain="ARM IAR Generic">Generated_Source\PSoC5\Cm3Iar.icf</File>
          <File BuildType="BUILD" Toolchain="ARM IAR Generic">Generated_Source\PSoC5\CyBootAsmIar.s</File>
          <File BuildType="BUILD" Toolchain="">Generated_Source\PSoC5\cmsis_armcc.h</File>
          <File BuildType="BUILD" Toolchain="">Generated_Source\PSoC5\cmsis_gcc.h</File>
          <File BuildType="BUILD" Toolchain="">Generated_Source\PSoC5\cmsis_compiler.h</File>
          <File BuildType="BUILD" Toolchain="">Generated_Source\PSoC5\project.h</File>
          <File BuildType="BUILD" Toolchain="">Generated_Source\PSoC5\EEPROM_1.c</File>
          <File BuildType="BUILD" Toolchain="">Generated_Source\PSoC5\EEPROM_1.h</File>
          <File BuildType="BUILD" Toolchain="">Generated_Source\PSoC5\Em_EEPROM_1.c</File>
          <File BuildType="BUILD" Toolchain="">Generated_Source\PSoC5\Em_EEPROM_1.h</File>
          <File BuildType="BUILD" Toolchain="">Generated_Source\PSoC5\Clock_11.c</File>
          <File BuildType="BUILD" Toolchain="">Generated_Source\PSoC5\Clock_11.h</File>
          <File BuildType="BUILD" Toolchain="">Generated_Source\PSoC5\P2_aliases.h</File>
          <File BuildType="BUILD" Toolchain="">Generated_Source\PSoC5\P2.c</File>
          <File BuildType="BUILD" Toolchain="">Generated_Source\PSoC5\P2.h</File>
          <File BuildType="BUILD" Toolchain="">Generated_Source\PSoC5\Counter_1ms.c</File>
          <File BuildType="BUILD" Toolchain="">Generated_Source\PSoC5\Counter_1ms.h</File>
          <File BuildType="BUILD" Toolchain="">Generated_Source\PSoC5\Counter_1ms_PM.c</File>
          <File BuildType="BUILD" Toolchain="">Generated_Source\PSoC5\Counter_1ms_INT.c</File>
          <File BuildType="BUILD" Toolchain="">Generated_Source\PSoC5\Counter_1ms_INT.h</File>
          <File BuildType="BUILD" Toolchain="">Generated_Source\PSoC5\CrankTriggerCaptureCounter.c</File>
          <File BuildType="BUILD" Toolchain="">Generated_Source\PSoC5\CrankTriggerCaptureCounter.h</File>
          <File BuildType="BUILD" Toolchain="">Generated_Source\PSoC5\CrankTriggerCaptureCounter_PM.c</File>
          <File BuildType="BUILD" Toolchain="">Generated_Source\PSoC5\InjectionCounter.c</File>
          <File BuildType="BUILD" Toolchain="">Generated_Source\PSoC5\InjectionCounter.h</File>
          <File BuildType="BUILD" Toolchain="">Generated_Source\PSoC5\InjectionCounter_PM.c</File>
          <File BuildType="BUILD" Toolchain="">Generated_Source\PSoC5\isr_CrankTriggerCaptureCounter.c</File>
          <File BuildType="BUILD" Toolchain="">Generated_Source\PSoC5\isr_CrankTriggerCaptureCounter.h</File>
          <File BuildType="BUILD" Toolchain="">Generated_Source\PSoC5\isr_InjectionCounter.c</File>
          <File BuildType="BUILD" Toolchain="">Generated_Source\PSoC5\isr_InjectionCounter.h</File>
          <File BuildType="BUILD" Toolchain="">Generated_Source\PSoC5\IgnitionCounter.c</File>
          <File BuildType="BUILD" Toolchain="">Generated_Source\PSoC5\IgnitionCounter.h</File>
          <File BuildType="BUILD" Toolchain="">Generated_Source\PSoC5\IgnitionCounter_PM.c</File>
          <File BuildType="BUILD" Toolchain="">Generated_Source\PSoC5\isr_IgnitionCounter.c</File>
          <File BuildType="BUILD" Toolchain="">Generated_Source\PSoC5\isr_IgnitionCounter.h</File>
          <File BuildType="BUILD" Toolchain="">Generated_Source\PSoC5\ADC_Bypass_aliases.h</File>
          <File BuildType="BUILD" Toolchain="">Generated_Source\PSoC5\ADC_Bypass.c</File>
          <File BuildType="BUILD" Toolchain="">Generated_Source\PSoC5\ADC_Bypass.h</File>
        </Files>
      </Folder>
      <Folder BuildType="STRICT" Path="C:\Users\Bruger\Desktop\CODE\PSOC5\CY8CKIT-59-Arduino\CY8CKIT59_Ardudino-Speeduino.cydsn">
        <Files Root="C:\Users\Bruger\Desktop\CODE\PSOC5\CY8CKIT-59-Arduino\CY8CKIT59_Ardudino-Speeduino.cydsn">
          <File BuildType="BUILD" Toolchain="">Libraries\Wire\Wire.h</File>
          <File BuildType="BUILD" Toolchain="">Libraries\Wire\Arduino_I2C.h</File>
        </Files>
      </Folder>
      <Folder BuildType="STRICT" Path="C:\Users\Bruger\Desktop\CODE\PSOC5\CY8CKIT-59-Arduino\CY8CKIT59_Ardudino-Speeduino.cydsn">
        <Files Root="C:\Users\Bruger\Desktop\CODE\PSOC5\CY8CKIT-59-Arduino\CY8CKIT59_Ardudino-Speeduino.cydsn">
          <File BuildType="BUILD" Toolchain="">Libraries\SPI\SPI.h</File>
        </Files>
      </Folder>
      <Folder BuildType="STRICT" Path="C:\Users\Bruger\Desktop\CODE\PSOC5\CY8CKIT-59-Arduino\CY8CKIT59_Ardudino-Speeduino.cydsn">
        <Files Root="C:\Users\Bruger\Desktop\CODE\PSOC5\CY8CKIT-59-Arduino\CY8CKIT59_Ardudino-Speeduino.cydsn">
          <File BuildType="BUILD" Toolchain="">Libraries\Servo\Servo.h</File>
        </Files>
      </Folder>
      <Folder BuildType="STRICT" Path="C:\Users\Bruger\Desktop\CODE\PSOC5\CY8CKIT-59-Arduino\CY8CKIT59_Ardudino-Speeduino.cydsn">
        <Files Root="C:\Users\Bruger\Desktop\CODE\PSOC5\CY8CKIT-59-Arduino\CY8CKIT59_Ardudino-Speeduino.cydsn">
          <File BuildType="BUILD" Toolchain="">Libraries\EEPROM\EEPROM.h</File>
        </Files>
      </Folder>
      <Folder BuildType="STRICT" Path="C:\Users\Bruger\Desktop\CODE\PSOC5\CY8CKIT-59-Arduino\CY8CKIT59_Ardudino-Speeduino.cydsn">
        <Files Root="C:\Users\Bruger\Desktop\CODE\PSOC5\CY8CKIT-59-Arduino\CY8CKIT59_Ardudino-Speeduino.cydsn">
          <File BuildType="BUILD" Toolchain="">core\Arduino_eeprom.h</File>
          <File BuildType="BUILD" Toolchain="">core\em_eeprom.h</File>
          <File BuildType="BUILD" Toolchain="">core\Print.h</File>
          <File BuildType="BUILD" Toolchain="">core\Printable.h</File>
          <File BuildType="BUILD" Toolchain="">core\Stream.h</File>
          <File BuildType="BUILD" Toolchain="">core\WString.h</File>
          <File BuildType="BUILD" Toolchain="">core\HardwareSerial.h</File>
          <File BuildType="BUILD" Toolchain="">core\UARTClass.h</File>
          <File BuildType="BUILD" Toolchain="">core\avr\dtostrf.h</File>
          <File BuildType="BUILD" Toolchain="">core\Arduino_Advanced_IO.h</File>
          <File BuildType="BUILD" Toolchain="">core\Arduino_Analog_In.h</File>
          <File BuildType="BUILD" Toolchain="">core\Arduino_Analog_Out.h</File>
          <File BuildType="BUILD" Toolchain="">core\Arduino_HW_Interrupt.h</File>
          <File BuildType="BUILD" Toolchain="">core\Arduino_Pins.h</File>
          <File BuildType="BUILD" Toolchain="">core\Arduino_Serial.h</File>
          <File BuildType="BUILD" Toolchain="">core\Arduino_Time.h</File>
          <File BuildType="BUILD" Toolchain="">core\binary.h</File>
          <File BuildType="BUILD" Toolchain="">core\Arduino.h</File>
          <File BuildType="BUILD" Toolchain="">core\pins_arduino.h</File>
          <File BuildType="BUILD" Toolchain="">core\WMath.h</File>
          <File BuildType="BUILD" Toolchain="">core\itoa.h</File>
          <File BuildType="BUILD" Toolchain="">core\Arduino_TimerCounters.h</File>
        </Files>
      </Folder>
      <Folder BuildType="STRICT" Path="C:\Users\Bruger\Desktop\CODE\PSOC5\CY8CKIT-59-Arduino\CY8CKIT59_Ardudino-Speeduino.cydsn">
        <Files Root="C:\Users\Bruger\Desktop\CODE\PSOC5\CY8CKIT-59-Arduino\CY8CKIT59_Ardudino-Speeduino.cydsn">
          <File BuildType="BUILD" Toolchain="">core\avr\pgmspace.h</File>
          <File BuildType="BUILD" Toolchain="">core\avr\io.h</File>
        </Files>
      </Folder>
      <Folder BuildType="STRICT" Path="C:\Users\Bruger\Desktop\CODE\PSOC5\CY8CKIT-59-Arduino\CY8CKIT59_Ardudino-Speeduino.cydsn\Export\ARM_GCC_Generic">
        <Files Root="C:\Users\Bruger\Desktop\CODE\PSOC5\CY8CKIT-59-Arduino\CY8CKIT59_Ardudino-Speeduino.cydsn">
          <File BuildType="BUILD" Toolchain="ARM GCC Generic">.\Export\ARM_GCC_Generic\CyComponentLibrary.a</File>
        </Files>
      </Folder>
      <Folder BuildType="STRICT" Path="C:\Users\Bruger\Desktop\CODE\PSOC5\CY8CKIT-59-Arduino\CY8CKIT59_Ardudino-Speeduino.cydsn\Export\ARM_MDK_Generic">
        <Files Root="C:\Users\Bruger\Desktop\CODE\PSOC5\CY8CKIT-59-Arduino\CY8CKIT59_Ardudino-Speeduino.cydsn">
          <File BuildType="BUILD" Toolchain="ARM MDK Generic">.\Export\ARM_MDK_Generic\CyComponentLibrary.a</File>
        </Files>
      </Folder>
      <Folder BuildType="STRICT" Path="C:\Users\Bruger\Desktop\CODE\PSOC5\CY8CKIT-59-Arduino\CY8CKIT59_Ardudino-Speeduino.cydsn\Export\ARM_IAR_Generic">
        <Files Root="C:\Users\Bruger\Desktop\CODE\PSOC5\CY8CKIT-59-Arduino\CY8CKIT59_Ardudino-Speeduino.cydsn">
          <File BuildType="BUILD" Toolchain="ARM IAR Generic">.\Export\ARM_IAR_Generic\CyComponentLibrary.a</File>
        </Files>
      </Folder>
      <Folder BuildType="EXCLUDE" Path=".\codegentemp">
        <Files Root="C:\Users\Bruger\Desktop\CODE\PSOC5\CY8CKIT-59-Arduino\CY8CKIT59_Ardudino-Speeduino.cydsn" />
      </Folder>
      <Folder BuildType="EXCLUDE" Path=".\ARM_GCC_441">
        <Files Root="C:\Users\Bruger\Desktop\CODE\PSOC5\CY8CKIT-59-Arduino\CY8CKIT59_Ardudino-Speeduino.cydsn" />
      </Folder>
      <Folder BuildType="EXCLUDE" Path=".\ARM_GCC_473">
        <Files Root="C:\Users\Bruger\Desktop\CODE\PSOC5\CY8CKIT-59-Arduino\CY8CKIT59_Ardudino-Speeduino.cydsn" />
      </Folder>
      <Folder BuildType="EXCLUDE" Path=".\DP8051_Keil_952">
        <Files Root="C:\Users\Bruger\Desktop\CODE\PSOC5\CY8CKIT-59-Arduino\CY8CKIT59_Ardudino-Speeduino.cydsn" />
      </Folder>
      <Folder BuildType="EXCLUDE" Path=".\DP8051">
        <Files Root="C:\Users\Bruger\Desktop\CODE\PSOC5\CY8CKIT-59-Arduino\CY8CKIT59_Ardudino-Speeduino.cydsn" />
      </Folder>
      <Folder BuildType="EXCLUDE" Path=".\CortexM0">
        <Files Root="C:\Users\Bruger\Desktop\CODE\PSOC5\CY8CKIT-59-Arduino\CY8CKIT59_Ardudino-Speeduino.cydsn" />
      </Folder>
      <Folder BuildType="EXCLUDE" Path=".\CortexM0p">
        <Files Root="C:\Users\Bruger\Desktop\CODE\PSOC5\CY8CKIT-59-Arduino\CY8CKIT59_Ardudino-Speeduino.cydsn" />
      </Folder>
      <Folder BuildType="EXCLUDE" Path=".\CortexM3">
        <Files Root="C:\Users\Bruger\Desktop\CODE\PSOC5\CY8CKIT-59-Arduino\CY8CKIT59_Ardudino-Speeduino.cydsn" />
      </Folder>
      <Folder BuildType="EXCLUDE" Path=".\CortexM4">
        <Files Root="C:\Users\Bruger\Desktop\CODE\PSOC5\CY8CKIT-59-Arduino\CY8CKIT59_Ardudino-Speeduino.cydsn" />
      </Folder>
      <Folder BuildType="EXCLUDE" Path=".\CortexM7">
        <Files Root="C:\Users\Bruger\Desktop\CODE\PSOC5\CY8CKIT-59-Arduino\CY8CKIT59_Ardudino-Speeduino.cydsn" />
      </Folder>
    </Folders>
  </Project>
</PSoCCreatorIdeExport>